[
  {
    "model": "user_profile.region",
    "pk": 1,
    "fields": {
      "region_name": "Universe"
    }
  },
  {
    "model": "user_profile.region",
    "pk": 2,
    "fields": {
      "region_name": "Earth"
    }
  },
  {
    "model": "user_profile.region",
    "pk": 3,
    "fields": {
      "region_name": "Africa"
    }
  },
  {
    "model": "user_profile.region",
    "pk": 4,
    "fields": {
      "region_name": "Asia"
    }
  },
  {
    "model": "user_profile.region",
    "pk": 5,
    "fields": {
      "region_name": "Europe"
    }
  },
  {
    "model": "user_profile.region",
    "pk": 6,
    "fields": {
      "region_name": "America"
    }
  },
  {
    "model": "user_profile.region",
    "pk": 7,
    "fields": {
      "region_name": "Oceania"
    }
  },
  {
    "model": "user_profile.region",
    "pk": 8,
    "fields": {
      "region_name": "Antartica"
    }
  },
  {
    "model": "user_profile.region",
    "pk": 9,
    "fields": {
      "region_name": "Central and Eastern Europe and Central Asia (CEECA)"
    }
  },
  {
    "model": "user_profile.region",
    "pk": 10,
    "fields": {
      "region_name": "East, Southeast Asia, and Pacific (ESEAP)"
    }
  },
  {
    "model": "user_profile.region",
    "pk": 11,
    "fields": {
      "region_name": "Latin America and The Caribbean (LAC)"
    }
  },
  {
    "model": "user_profile.region",
    "pk": 12,
    "fields": {
      "region_name": "Middle East and North Africa (MENA)"
    }
  },
  {
    "model": "user_profile.region",
    "pk": 13,
    "fields": {
      "region_name": "North America (NA)"
    }
  },
  {
    "model": "user_profile.region",
    "pk": 14,
    "fields": {
      "region_name": "Northern and Western Europe (NWE)"
    }
  },
  {
    "model": "user_profile.region",
    "pk": 15,
    "fields": {
      "region_name": "South Asia (SA)"
    }
  },
  {
    "model": "user_profile.region",
    "pk": 16,
    "fields": {
      "region_name": "Sub-Saharan Africa (SSA)"
    }
  },
  {
    "model": "user_profile.region",
    "pk": 17,
    "fields": {
      "region_name": "Brazil"
    }
  },
  {
    "model": "user_profile.region_parent_region",
    "pk": 1,
    "fields": {
      "from_region_id": 2,
      "to_region_id": 1
    }
  },
  {
    "model": "user_profile.region_parent_region",
    "pk": 2,
    "fields": {
      "from_region_id": 3,
      "to_region_id": 2
    }
  },
  {
    "model": "user_profile.region_parent_region",
    "pk": 3,
    "fields": {
      "from_region_id": 4,
      "to_region_id": 2
    }
  },
  {
    "model": "user_profile.region_parent_region",
    "pk": 4,
    "fields": {
      "from_region_id": 5,
      "to_region_id": 2
    }
  },
  {
    "model": "user_profile.region_parent_region",
    "pk": 5,
    "fields": {
      "from_region_id": 6,
      "to_region_id": 2
    }
  },
  {
    "model": "user_profile.region_parent_region",
    "pk": 6,
    "fields": {
      "from_region_id": 8,
      "to_region_id": 2
    }
  },
  {
    "model": "user_profile.region_parent_region",
    "pk": 7,
    "fields": {
      "from_region_id": 7,
      "to_region_id": 2
    }
  },
  {
    "model": "user_profile.region_parent_region",
    "pk": 8,
    "fields": {
      "from_region_id": 9,
      "to_region_id": 4
    }
  },
  {
    "model": "user_profile.region_parent_region",
    "pk": 9,
    "fields": {
      "from_region_id": 9,
      "to_region_id": 5
    }
  },
  {
    "model": "user_profile.region_parent_region",
    "pk": 10,
    "fields": {
      "from_region_id": 10,
      "to_region_id": 4
    }
  },
  {
    "model": "user_profile.region_parent_region",
    "pk": 11,
    "fields": {
      "from_region_id": 10,
      "to_region_id": 7
    }
  },
  {
    "model": "user_profile.region_parent_region",
    "pk": 12,
    "fields": {
      "from_region_id": 11,
      "to_region_id": 6
    }
  },
  {
    "model": "user_profile.region_parent_region",
    "pk": 13,
    "fields": {
      "from_region_id": 12,
      "to_region_id": 3
    }
  },
  {
    "model": "user_profile.region_parent_region",
    "pk": 14,
    "fields": {
      "from_region_id": 12,
      "to_region_id": 4
    }
  },
  {
    "model": "user_profile.region_parent_region",
    "pk": 15,
    "fields": {
      "from_region_id": 13,
      "to_region_id": 6
    }
  },
  {
    "model": "user_profile.region_parent_region",
    "pk": 16,
    "fields": {
      "from_region_id": 14,
      "to_region_id": 5
    }
  },
  {
    "model": "user_profile.region_parent_region",
    "pk": 17,
    "fields": {
      "from_region_id": 15,
      "to_region_id": 4
    }
  },
  {
    "model": "user_profile.region_parent_region",
    "pk": 18,
    "fields": {
      "from_region_id": 16,
      "to_region_id": 3
    }
  },
  {
    "model": "user_profile.region_parent_region",
    "pk": 19,
    "fields": {
      "from_region_id": 17,
      "to_region_id": 11
    }
  },
  {
    "model": "user_profile.region_parent_region",
    "pk": 20,
    "fields": {
      "from_region_id": 17,
      "to_region_id": 6
    }
  },
  {
    "model": "user_profile.language",
    "pk": 1,
    "fields": {
      "language_name": "Brazilian Portuguese",
      "language_code": "pt-br"
    }
  },
  {
    "model": "user_profile.language",
    "pk": 2,
    "fields": {
      "language_name": "Portuguese",
      "language_code": "pt"
    }
  },
  {
    "model": "user_profile.language",
    "pk": 3,
    "fields": {
      "language_name": "English",
      "language_code": "en"
    }
  },
  {
    "model": "user_profile.language",
    "pk": 4,
    "fields": {
      "language_name": "Spanish",
      "language_code": "es"
    }
  },
  {
    "model": "user_profile.language",
    "pk": 5,
    "fields": {
      "language_name": "French",
      "language_code": "fr"
    }
  },
  {
    "model": "user_profile.language",
    "pk": 6,
    "fields": {
      "language_name": "German",
      "language_code": "de"
    }
  },
  {
    "model": "user_profile.language",
    "pk": 7,
    "fields": {
      "language_name": "Japanese",
      "language_code": "ja"
    }
  },
  {
    "model": "user_profile.wikimediaproject",
    "pk": 1,
    "fields": {
      "wikimedia_project_name": "Wikipedia",
      "wikimedia_project_code": "wiki"
    }
  },
  {
    "model": "user_profile.wikimediaproject",
    "pk": 2,
    "fields": {
      "wikimedia_project_name": "Wikimedia Commons",
      "wikimedia_project_code": "commonswiki"
    }
  },
  {
    "model": "user_profile.wikimediaproject",
    "pk": 3,
    "fields": {
      "wikimedia_project_name": "Wikidata",
      "wikimedia_project_code": "wikidatawiki"
    }
  },
  {
    "model": "user_profile.wikimediaproject",
    "pk": 4,
    "fields": {
      "wikimedia_project_name": "Wikiversity",
      "wikimedia_project_code": "wikiversitywiki"
    }
  },
  {
    "model": "user_profile.wikimediaproject",
    "pk": 5,
    "fields": {
      "wikimedia_project_name": "Wikibooks",
      "wikimedia_project_code": "wikibookswiki"
    }
  },
  {
    "model": "user_profile.wikimediaproject",
    "pk": 6,
    "fields": {
      "wikimedia_project_name": "Wikisource",
      "wikimedia_project_code": "wikisourcewiki"
    }
  },
  {
    "model": "user_profile.wikimediaproject",
    "pk": 7,
    "fields": {
      "wikimedia_project_name": "Wikiquote",
      "wikimedia_project_code": "wikiquotewiki"
    }
  },
  {
    "model": "user_profile.wikimediaproject",
    "pk": 8,
    "fields": {
      "wikimedia_project_name": "Wiktionary",
      "wikimedia_project_code": "wiktionarywiki"
    }
  },
  {
    "model": "user_profile.wikimediaproject",
    "pk": 9,
    "fields": {
      "wikimedia_project_name": "Wikispecies",
      "wikimedia_project_code": "wikispecieswiki"
    }
  },
  {
    "model": "user_profile.wikimediaproject",
    "pk": 10,
    "fields": {
      "wikimedia_project_name": "Wikivoyage",
      "wikimedia_project_code": "wikivoyagewiki"
    }
  },
  {
    "model": "user_profile.wikimediaproject",
    "pk": 11,
    "fields": {
      "wikimedia_project_name": "Wikifunctions",
      "wikimedia_project_code": "wikifunctionswiki"
    }
  },
  {
    "model": "user_profile.wikimediaproject",
    "pk": 12,
    "fields": {
      "wikimedia_project_name": "Meta-Wiki",
      "wikimedia_project_code": "metawiki"
    }
  },
  {
    "model": "user_profile.wikimediaproject",
    "pk": 13,
    "fields": {
      "wikimedia_project_name": "MediaWiki",
      "wikimedia_project_code": "mediawiki"
    }
  },
  {
    "model": "user_profile.wikimediaproject",
    "pk": 14,
    "fields": {
      "wikimedia_project_name": "Wikimedia Incubator",
      "wikimedia_project_code": "incubatorwiki"
    }
  },
  {
    "model": "user_profile.wikimediaproject",
    "pk": 15,
    "fields": {
      "wikimedia_project_name": "Wikimania",
      "wikimedia_project_code": "wikimaniawiki"
    }
  },
  {
    "model": "user_profile.areaofinterest",
    "pk": 1,
    "fields": {
      "area_name": "GLAM"
    }
  },
  {
    "model": "user_profile.areaofinterest",
    "pk": 2,
    "fields": {
      "area_name": "Education"
    }
  },
  {
    "model": "user_profile.areaofinterest",
    "pk": 3,
    "fields": {
      "area_name": "Technology"
    }
  },
  {
    "model": "user_profile.areaofinterest",
    "pk": 4,
    "fields": {
      "area_name": "Diversity"
    }
  }
]